"TICKET","TRANSACTION DATE","TRANSACTION TYPE","DETAILS","INSTRUMENT","PRICE","UNITS","DIRECTION","SPREAD COST","STOP LOSS","TAKE PROFIT","TRAILING STOP","FINANCING","COMMISSION","CONVERSION RATE","PL","AMOUNT","BALANCE"
"671","2023-10-24 01:45:44 -12","MARKET_ORDER","CLIENT_ORDER","EUR/USD","","750000.00","Buy","","","","","","","","","",""
"672","2023-10-24 01:45:44 -12","ORDER_FILL","MARKET_ORDER","EUR/USD","1.06005","750000.00","Buy","87.5364","","","","0.00000","0.0000","","0.00000","","51487.66"
"673","2023-10-24 01:53:57 -12","MARKET_ORDER","POSITION_CLOSEOUT","EUR/USD","","750000.00","Sell","","","","","","","","","",""
"674","2023-10-24 01:53:57 -12","ORDER_FILL","MARKET_ORDER_POSITION_CLOSEOUT","EUR/USD","1.06044","750000.00","Sell","72.0736","","","","0.00000","0.0000","1.3660","399.54500","","51887.20"
"675","2023-10-24 01:55:00 -12","LIMIT_ORDER","CLIENT_ORDER","EUR/USD","1.06027","750000.00","Buy","","","","","","","","","",""
"676","2023-10-24 01:55:06 -12","ORDER_CANCEL","CLIENT_REQUEST_REPLACED","","","","","","","","","","","","","",""
"677","2023-10-24 01:55:06 -12","LIMIT_ORDER","REPLACEMENT","EUR/USD","1.06022","750000.00","Buy","","","","","","","","","",""
"678","2023-10-24 01:55:16 -12","ORDER_CANCEL","CLIENT_REQUEST_REPLACED","","","","","","","","","","","","","",""
"679","2023-10-24 01:55:16 -12","LIMIT_ORDER","REPLACEMENT","EUR/USD","1.06024","750000.00","Buy","","","","","","","","","",""
"680","2023-10-24 01:59:01 -12","ORDER_CANCEL","CLIENT_REQUEST_REPLACED","","","","","","","","","","","","","",""
"681","2023-10-24 01:59:01 -12","LIMIT_ORDER","REPLACEMENT","EUR/USD","1.06084","750000.00","Buy","","","","","","","","","",""
"682","2023-10-24 02:02:31 -12","MARKET_ORDER","CLIENT_ORDER","EUR/USD","","750000.00","Buy","","","","","","","","","",""
"683","2023-10-24 02:02:31 -12","ORDER_FILL","MARKET_ORDER","EUR/USD","1.06107","750000.00","Buy","72.0531","","","","0.00000","0.0000","","0.00000","","51887.20"
"684","2023-10-24 02:02:33 -12","ORDER_CANCEL","CLIENT_REQUEST","","","","","","","","","","","","","",""
"685","2023-10-24 02:02:46 -12","STOP_ORDER","CLIENT_ORDER","EUR/USD","1.06022","750000.00","Sell","","","","","","","","","",""
"686","2023-10-24 02:03:03 -12","LIMIT_ORDER","CLIENT_ORDER","EUR/USD","1.06420","750000.00","Sell","","","","","","","","","",""
"687","2023-10-24 02:03:24 -12","ORDER_CANCEL","CLIENT_REQUEST_REPLACED","","","","","","","","","","","","","",""
"688","2023-10-24 02:03:24 -12","STOP_ORDER","REPLACEMENT","EUR/USD","1.05960","750000.00","Sell","","","","","","","","","",""
"689","2023-10-24 02:35:27 -12","ORDER_FILL","STOP_ORDER","EUR/USD","1.05957","750000.00","Sell","82.4118","","","","0.00000","0.0000","1.3804","-1552.94740","","50334.26"
"690","2023-10-24 02:40:34 -12","ORDER_CANCEL","CLIENT_REQUEST","","","","","","","","","","","","","",""
"691","2023-10-29 12:27:22 -12","MARKET_ORDER","CLIENT_ORDER","GBP/USD","","1.00","Buy","","","","","","","","","",""
"692","2023-10-29 12:27:22 -12","ORDER_FILL","MARKET_ORDER","GBP/USD","1.21100","1.00","Buy","0.0001","","","","0.00000","0.0000","","0.00000","","50334.26"
"693","2023-10-29 12:28:46 -12","MARKET_ORDER_REJECT","POSITION_CLOSEOUT","GBP/USD","","1.00","","","","","","","","","","",""
"694","2023-10-29 12:28:46 -12","MARKET_ORDER_REJECT","POSITION_CLOSEOUT","GBP/USD","","","","","","","","","","","","",""
"695","2023-10-29 12:29:54 -12","MARKET_ORDER","POSITION_CLOSEOUT","GBP/USD","","1.00","Sell","","","","","","","","","",""
"696","2023-10-29 12:29:54 -12","ORDER_FILL","MARKET_ORDER_POSITION_CLOSEOUT","GBP/USD","1.21059","1.00","Sell","0.0001","","","","0.00000","0.0000","1.3933","-0.00060","","50334.25"
"697","2023-10-29 12:32:09 -12","MARKET_ORDER","CLIENT_ORDER","GBP/USD","","1.00","Buy","","","","","","","","","",""
"698","2023-10-29 12:32:09 -12","ORDER_FILL","MARKET_ORDER","GBP/USD","1.21110","1.00","Buy","0.0001","","","","0.00000","0.0000","","0.00000","","50334.25"
"699","2023-10-29 12:34:00 -12","MARKET_ORDER","POSITION_CLOSEOUT","GBP/USD","","1.00","Sell","","","","","","","","","",""
"700","2023-10-29 12:34:00 -12","ORDER_FILL","MARKET_ORDER_POSITION_CLOSEOUT","GBP/USD","1.21082","1.00","Sell","0.0001","","","","0.00000","0.0000","1.3930","-0.00040","","50334.25"
"701","2023-10-29 12:34:07 -12","MARKET_ORDER","CLIENT_ORDER","GBP/USD","","1.00","Buy","","","","","","","","","",""
"702","2023-10-29 12:34:07 -12","ORDER_FILL","MARKET_ORDER","GBP/USD","1.21104","1.00","Buy","0.0001","","","","0.00000","0.0000","","0.00000","","50334.25"
"703","2023-10-29 12:34:54 -12","MARKET_ORDER","POSITION_CLOSEOUT","GBP/USD","","1.00","Sell","","","","","","","","","",""
"704","2023-10-29 12:34:54 -12","ORDER_FILL","MARKET_ORDER_POSITION_CLOSEOUT","GBP/USD","1.21082","1.00","Sell","0.0001","","","","0.00000","0.0000","1.3930","-0.00030","","50334.25"
"705","2023-10-29 12:35:02 -12","MARKET_ORDER","CLIENT_ORDER","GBP/USD","","1.00","Sell","","","","","","","","","",""
"706","2023-10-29 12:35:02 -12","ORDER_FILL","MARKET_ORDER","GBP/USD","1.21082","1.00","Sell","0.0001","","","","0.00000","0.0000","","0.00000","","50334.25"
"707","2023-10-29 12:35:44 -12","MARKET_ORDER","POSITION_CLOSEOUT","GBP/USD","","1.00","Buy","","","","","","","","","",""
"708","2023-10-29 12:35:44 -12","ORDER_FILL","MARKET_ORDER_POSITION_CLOSEOUT","GBP/USD","1.21085","1.00","Buy","0.0001","","","","0.00000","0.0000","","0.00000","","50334.25"
"709","2023-10-29 12:38:16 -12","MARKET_ORDER","CLIENT_ORDER","GBP/USD","","633125.00","Buy","","","","","","","","","",""
"710","2023-10-29 12:38:16 -12","ORDER_FILL","MARKET_ORDER","GBP/USD","1.21110","633125.00","Buy","83.3648","","","","0.00000","0.0000","","0.00000","","50334.25"
"711","2023-10-29 16:01:14 -12","MARKET_ORDER","POSITION_CLOSEOUT","GBP/USD","","633125.00","Sell","","","","","","","","","",""
"712","2023-10-29 16:01:14 -12","ORDER_FILL","MARKET_ORDER_POSITION_CLOSEOUT","GBP/USD","1.21199","633125.00","Sell","83.3714","","","","0.00000","0.0000","1.3792","777.15300","","51111.41"
"713","2023-10-30 01:01:16 -12","MARKET_ORDER","CLIENT_ORDER","GBP/USD","","642387.00","Buy","","","","","","","","","",""
"714","2023-10-30 01:01:16 -12","ORDER_FILL","MARKET_ORDER","GBP/USD","1.21452","642387.00","Buy","66.6499","","","","0.00000","0.0000","","0.00000","","51111.41"
"715","2023-10-30 08:01:16 -12","MARKET_ORDER","POSITION_CLOSEOUT","GBP/USD","","642387.00","Sell","","","","","","","","","",""
"716","2023-10-30 08:01:16 -12","ORDER_FILL","MARKET_ORDER_POSITION_CLOSEOUT","GBP/USD","1.21717","642387.00","Sell","88.7907","","","","0.00000","0.0000","1.3753","2341.18960","","53452.60"
"717","2023-10-30 21:01:15 -12","MARKET_ORDER","CLIENT_ORDER","GBP/USD","","670961.00","Buy","","","","","","","","","",""
"718","2023-10-30 21:01:15 -12","ORDER_FILL","MARKET_ORDER","GBP/USD","1.21710","670961.00","Buy","74.1836","","","","0.00000","0.0000","","0.00000","","53452.60"
"719","2023-10-31 03:01:15 -12","MARKET_ORDER","POSITION_CLOSEOUT","GBP/USD","","670961.00","Sell","","","","","","","","","",""
"720","2023-10-31 03:01:15 -12","ORDER_FILL","MARKET_ORDER_POSITION_CLOSEOUT","GBP/USD","1.21412","670961.00","Sell","79.0482","","","","0.00000","0.0000","1.3930","-2785.19350","","50667.40"
"721","2023-10-31 04:01:15 -12","MARKET_ORDER","CLIENT_ORDER","GBP/USD","","634989.00","Sell","","","","","","","","","",""
"722","2023-10-31 04:01:15 -12","ORDER_FILL","MARKET_ORDER","GBP/USD","1.21360","634989.00","Sell","66.1043","","","","0.00000","0.0000","","0.00000","","50667.40"
"723","2023-10-31 09:00:00 -12","DAILY_FINANCING","","","","","","","","","","-25.63830","","","","","50641.76"
"","2023-10-31 09:00:00 -12","DAILY_FINANCING","Trade ID: 722","GBP/USD","","","","","","","","-25.63830","","","","",""
"724","2023-11-01 08:01:17 -12","MARKET_ORDER","POSITION_CLOSEOUT","GBP/USD","","634989.00","Buy","","","","","","","","","",""
"725","2023-11-01 08:01:17 -12","ORDER_FILL","MARKET_ORDER_POSITION_CLOSEOUT","GBP/USD","1.21494","634989.00","Buy","74.8253","","","","0.00000","0.0000","1.3933","-1185.49720","","49456.27"
"726","2023-11-01 20:01:16 -12","MARKET_ORDER","CLIENT_ORDER","GBP/USD","","619843.00","Buy","","","","","","","","","",""
"727","2023-11-01 20:01:16 -12","ORDER_FILL","MARKET_ORDER","GBP/USD","1.21714","619843.00","Buy","72.9268","","","","0.00000","0.0000","","0.00000","","49456.27"
"728","2023-11-02 06:01:15 -12","MARKET_ORDER","POSITION_CLOSEOUT","GBP/USD","","619843.00","Sell","","","","","","","","","",""
"729","2023-11-02 06:01:15 -12","ORDER_FILL","MARKET_ORDER_POSITION_CLOSEOUT","GBP/USD","1.21984","619843.00","Sell","80.9847","","","","0.00000","0.0000","1.3684","2290.16090","","51746.43"
"730","2023-11-03 03:01:16 -12","MARKET_ORDER","CLIENT_ORDER","GBP/USD","","646096.00","Sell","","","","","","","","","",""
"731","2023-11-03 03:01:16 -12","ORDER_FILL","MARKET_ORDER","GBP/USD","1.23428","646096.00","Sell","84.0808","","","","0.00000","0.0000","","0.00000","","51746.43"
"732","2023-11-03 07:45:00 -12","MARGIN_CALL_ENTER","","","","","","","","","","","","","","",""
"733","2023-11-03 09:00:00 -12","DAILY_FINANCING","","","","","","","","","","-26.16540","","","","","51720.26"
"","2023-11-03 09:00:00 -12","DAILY_FINANCING","Trade ID: 731","GBP/USD","","","","","","","","-26.16540","","","","",""
"734","2023-11-04 09:00:00 -12","DAILY_FINANCING","","","","","","","","","","0.00000","","","","","51720.26"
"","2023-11-04 09:00:00 -12","DAILY_FINANCING","Trade ID: 731","GBP/USD","","","","","","","","0.00000","","","","",""
"735","2023-11-05 10:00:00 -12","DAILY_FINANCING","","","","","","","","","","0.00000","","","","","51720.26"
"","2023-11-05 10:00:00 -12","DAILY_FINANCING","Trade ID: 731","GBP/USD","","","","","","","","0.00000","","","","",""
"736","2023-11-06 01:01:17 -12","MARKET_ORDER","POSITION_CLOSEOUT","GBP/USD","","646096.00","Buy","","","","","","","","","",""
"737","2023-11-06 01:01:17 -12","ORDER_FILL","MARKET_ORDER_POSITION_CLOSEOUT","GBP/USD","1.23975","646096.00","Buy","79.3799","","","","0.00000","0.0000","1.3719","-4848.65480","","46871.61"
"738","2023-11-06 08:45:00 -12","MARGIN_CALL_EXIT","MARGIN_CONDITIONS_SATISFIED","","","","","","","","","","","","","",""
"739","2023-11-08 22:01:15 -12","MARKET_ORDER","CLIENT_ORDER","GBP/USD","","583339.00","Sell","","","","","","","","","",""
"740","2023-11-08 22:01:15 -12","ORDER_FILL","MARKET_ORDER","GBP/USD","1.23025","583339.00","Sell","60.3283","","","","0.00000","0.0000","","0.00000","","46871.61"
"741","2023-11-09 00:01:16 -12","MARKET_ORDER","POSITION_CLOSEOUT","GBP/USD","","583339.00","Buy","","","","","","","","","",""
"742","2023-11-09 00:01:16 -12","ORDER_FILL","MARKET_ORDER_POSITION_CLOSEOUT","GBP/USD","1.22620","583339.00","Buy","72.3814","","","","0.00000","0.0000","1.3718","3240.87730","","50112.49"
"743","2023-11-10 00:01:14 -12","MARKET_ORDER","CLIENT_ORDER","GBP/USD","","627289.00","Buy","","","","","","","","","",""
"744","2023-11-10 00:01:14 -12","ORDER_FILL","MARKET_ORDER","GBP/USD","1.22085","627289.00","Buy","73.6674","","","","0.00000","0.0000","","0.00000","","50112.49"
"745","2023-11-10 10:00:00 -12","DAILY_FINANCING","","","","","","","","","","-35.84390","","","","","50076.64"
"","2023-11-10 10:00:00 -12","DAILY_FINANCING","Trade ID: 744","GBP/USD","","","","","","","","-35.84390","","","","",""
"746","2023-11-11 10:00:00 -12","DAILY_FINANCING","","","","","","","","","","0.00000","","","","","50076.64"
"","2023-11-11 10:00:00 -12","DAILY_FINANCING","Trade ID: 744","GBP/USD","","","","","","","","0.00000","","","","",""
"747","2023-11-12 10:00:00 -12","DAILY_FINANCING","","","","","","","","","","0.00000","","","","","50076.64"
"","2023-11-12 10:00:00 -12","DAILY_FINANCING","Trade ID: 744","GBP/USD","","","","","","","","0.00000","","","","",""
"748","2023-11-12 13:01:16 -12","MARKET_ORDER","POSITION_CLOSEOUT","GBP/USD","","627289.00","Sell","","","","","","","","","",""
"749","2023-11-12 13:01:16 -12","ORDER_FILL","MARKET_ORDER_POSITION_CLOSEOUT","GBP/USD","1.22264","627289.00","Sell","90.9574","","","","0.00000","0.0000","1.3741","1542.85420","","51619.50"
"750","2023-11-13 01:01:18 -12","MARKET_ORDER","CLIENT_ORDER","GBP/USD","","643966.00","Sell","","","","","","","","","",""
"751","2023-11-13 01:01:18 -12","ORDER_FILL","MARKET_ORDER","GBP/USD","1.22425","643966.00","Sell","66.7620","","","","0.00000","0.0000","","0.00000","","51619.50"
"752","2023-11-13 08:45:00 -12","MARGIN_CALL_ENTER","","","","","","","","","","","","","","",""
"753","2023-11-13 10:00:00 -12","DAILY_FINANCING","","","","","","","","","","-25.55000","","","","","51593.95"
"","2023-11-13 10:00:00 -12","DAILY_FINANCING","Trade ID: 751","GBP/USD","","","","","","","","-25.55000","","","","",""
"754","2023-11-13 18:01:16 -12","MARKET_ORDER","POSITION_CLOSEOUT","GBP/USD","","643966.00","Buy","","","","","","","","","",""
"755","2023-11-13 18:01:16 -12","ORDER_FILL","MARKET_ORDER_POSITION_CLOSEOUT","GBP/USD","1.22705","643966.00","Buy","84.5432","","","","0.00000","0.0000","1.3889","-2504.25970","","49089.69"
"756","2023-11-14 00:01:16 -12","MARKET_ORDER","CLIENT_ORDER","GBP/USD","","609893.00","Buy","","","","","","","","","",""
"757","2023-11-14 00:01:16 -12","ORDER_FILL","MARKET_ORDER","GBP/USD","1.22832","609893.00","Buy","71.7260","","","","0.00000","0.0000","","0.00000","","49089.69"
"758","2023-11-14 02:01:15 -12","MARKET_ORDER","POSITION_CLOSEOUT","GBP/USD","","609893.00","Sell","","","","","","","","","",""
"759","2023-11-14 02:01:15 -12","ORDER_FILL","MARKET_ORDER_POSITION_CLOSEOUT","GBP/USD","1.24076","609893.00","Sell","75.5253","","","","0.00000","0.0000","1.3691","10387.07940","","59476.77"
"760","2023-11-14 08:45:00 -12","MARGIN_CALL_EXIT","MARGIN_CONDITIONS_SATISFIED","","","","","","","","","","","","","",""
"761","2023-11-15 02:01:16 -12","MARKET_ORDER","CLIENT_ORDER","GBP/USD","","737546.00","Buy","","","","","","","","","",""
"762","2023-11-15 02:01:16 -12","ORDER_FILL","MARKET_ORDER","GBP/USD","1.24406","737546.00","Buy","95.8970","","","","0.00000","0.0000","","0.00000","","59476.77"
"763","2023-11-15 08:45:00 -12","MARGIN_CALL_ENTER","","","","","","","","","","","","","","",""
"764","2023-11-15 10:00:00 -12","DAILY_FINANCING","","","","","","","","","","-42.09060","","","","","59434.67"
"","2023-11-15 10:00:00 -12","DAILY_FINANCING","Trade ID: 762","GBP/USD","","","","","","","","-42.09060","","","","",""
"765","2023-11-15 23:01:15 -12","MARKET_ORDER","POSITION_CLOSEOUT","GBP/USD","","737546.00","Sell","","","","","","","","","",""
"766","2023-11-15 23:01:15 -12","ORDER_FILL","MARKET_ORDER_POSITION_CLOSEOUT","GBP/USD","1.24036","737546.00","Sell","95.9972","","","","0.00000","0.0000","1.3769","-3757.53320","","55677.14"
"767","2023-11-16 08:45:00 -12","MARGIN_CALL_EXIT","MARGIN_CONDITIONS_SATISFIED","","","","","","","","","","","","","",""
"768","2023-11-16 21:01:16 -12","MARKET_ORDER","CLIENT_ORDER","GBP/USD","","690639.00","Buy","","","","","","","","","",""
"769","2023-11-16 21:01:16 -12","ORDER_FILL","MARKET_ORDER","GBP/USD","1.23840","690639.00","Buy","85.4367","","","","0.00000","0.0000","","0.00000","","55677.14"
"770","2023-11-17 00:01:16 -12","MARKET_ORDER","POSITION_CLOSEOUT","GBP/USD","","690639.00","Sell","","","","","","","","","",""
"771","2023-11-17 00:01:16 -12","ORDER_FILL","MARKET_ORDER_POSITION_CLOSEOUT","GBP/USD","1.24275","690639.00","Sell","85.3211","","","","0.00000","0.0000","1.3658","4103.23520","","59780.38"
"772","2023-11-20 23:01:15 -12","MARKET_ORDER","CLIENT_ORDER","GBP/USD","","734136.00","Sell","","","","","","","","","",""
"773","2023-11-20 23:01:15 -12","ORDER_FILL","MARKET_ORDER","GBP/USD","1.25425","734136.00","Sell","90.5626","","","","0.00000","0.0000","","0.00000","","59780.38"
"774","2023-11-21 10:00:00 -12","DAILY_FINANCING","","","","","","","","","","0.00000","","","","","59780.38"
"","2023-11-21 10:00:00 -12","DAILY_FINANCING","Trade ID: 773","GBP/USD","","","","","","","","0.00000","","","","",""
"775","2023-11-21 20:01:19 -12","MARKET_ORDER","POSITION_CLOSEOUT","GBP/USD","","734136.00","Buy","","","","","","","","","",""
"776","2023-11-21 20:01:19 -12","ORDER_FILL","MARKET_ORDER_POSITION_CLOSEOUT","GBP/USD","1.25304","734136.00","Buy","90.5864","","","","0.00000","0.0000","1.3642","1211.79390","","60992.17"
"777","2023-11-22 22:01:16 -12","MARKET_ORDER","CLIENT_ORDER","GBP/USD","","749336.00","Sell","","","","","","","","","",""
"778","2023-11-22 22:01:16 -12","ORDER_FILL","MARKET_ORDER","GBP/USD","1.25587","749336.00","Sell","92.2785","","","","0.00000","0.0000","","0.00000","","60992.17"
"779","2023-11-23 10:00:00 -12","DAILY_FINANCING","","","","","","","","","","-30.11000","","","","","60962.06"
"","2023-11-23 10:00:00 -12","DAILY_FINANCING","Trade ID: 778","GBP/USD","","","","","","","","-30.11000","","","","",""
"780","2023-11-23 14:01:15 -12","MARKET_ORDER","POSITION_CLOSEOUT","GBP/USD","","749336.00","Buy","","","","","","","","","",""
"781","2023-11-23 14:01:15 -12","ORDER_FILL","MARKET_ORDER_POSITION_CLOSEOUT","GBP/USD","1.25336","749336.00","Buy","107.7762","","","","0.00000","0.0000","1.3630","2563.48370","","63525.54"
"782","2023-11-23 15:01:19 -12","MARKET_ORDER","CLIENT_ORDER","GBP/USD","","781074.00","Sell","","","","","","","","","",""
"783","2023-11-23 15:01:19 -12","ORDER_FILL","MARKET_ORDER","GBP/USD","1.25259","781074.00","Sell","107.0657","","","","0.00000","0.0000","","0.00000","","63525.54"
"784","2023-11-23 18:01:17 -12","MARKET_ORDER","POSITION_CLOSEOUT","GBP/USD","","781074.00","Buy","","","","","","","","","",""
"785","2023-11-23 18:01:17 -12","ORDER_FILL","MARKET_ORDER_POSITION_CLOSEOUT","GBP/USD","1.25434","781074.00","Buy","96.2959","","","","0.00000","0.0000","1.3767","-1881.78200","","61643.76"
"786","2023-11-24 04:01:18 -12","MARKET_ORDER","CLIENT_ORDER","GBP/USD","","758515.00","Sell","","","","","","","","","",""
"787","2023-11-24 04:01:18 -12","ORDER_FILL","MARKET_ORDER","GBP/USD","1.26117","758515.00","Sell","98.0318","","","","0.00000","0.0000","","0.00000","","61643.76"
"788","2023-11-24 10:00:00 -12","DAILY_FINANCING","","","","","","","","","","-30.16190","","","","","61613.60"
"","2023-11-24 10:00:00 -12","DAILY_FINANCING","Trade ID: 787","GBP/USD","","","","","","","","-30.16190","","","","",""
"789","2023-11-25 10:00:00 -12","DAILY_FINANCING","","","","","","","","","","0.00000","","","","","61613.60"
"","2023-11-25 10:00:00 -12","DAILY_FINANCING","Trade ID: 787","GBP/USD","","","","","","","","0.00000","","","","",""
"790","2023-11-26 10:00:00 -12","DAILY_FINANCING","","","","","","","","","","0.00000","","","","","61613.60"
"","2023-11-26 10:00:00 -12","DAILY_FINANCING","Trade ID: 787","GBP/USD","","","","","","","","0.00000","","","","",""
"791","2023-11-26 11:01:16 -12","MARKET_ORDER","POSITION_CLOSEOUT","GBP/USD","","758515.00","Buy","","","","","","","","","",""
"792","2023-11-26 11:01:16 -12","ORDER_FILL","MARKET_ORDER_POSITION_CLOSEOUT","GBP/USD","1.26042","758515.00","Buy","180.9195","","","","0.00000","0.0000","1.3561","771.49240","","62385.09"
"793","2023-11-26 12:01:30 -12","MARKET_ORDER","CLIENT_ORDER","GBP/USD","","766806.00","Sell","","","","","","","","","",""
"794","2023-11-26 12:01:30 -12","ORDER_FILL","MARKET_ORDER","GBP/USD","1.25998","766806.00","Sell","104.5279","","","","0.00000","0.0000","","0.00000","","62385.09"
"795","2023-11-26 14:01:14 -12","MARKET_ORDER","POSITION_CLOSEOUT","GBP/USD","","766806.00","Buy","","","","","","","","","",""
"796","2023-11-26 14:01:14 -12","ORDER_FILL","MARKET_ORDER_POSITION_CLOSEOUT","GBP/USD","1.26018","766806.00","Buy","115.0010","","","","0.00000","0.0000","1.3702","-210.13810","","62174.95"
"797","2023-11-27 01:01:17 -12","MARKET_ORDER","CLIENT_ORDER","GBP/USD","","762102.00","Sell","","","","","","","","","",""
"798","2023-11-27 01:01:17 -12","ORDER_FILL","MARKET_ORDER","GBP/USD","1.26358","762102.00","Sell","93.4925","","","","0.00000","0.0000","","0.00000","","62174.95"
"799","2023-11-27 09:01:15 -12","MARKET_ORDER","POSITION_CLOSEOUT","GBP/USD","","762102.00","Buy","","","","","","","","","",""
"800","2023-11-27 09:01:15 -12","ORDER_FILL","MARKET_ORDER_POSITION_CLOSEOUT","GBP/USD","1.26295","762102.00","Buy","93.3855","","","","0.00000","0.0000","1.3547","650.43030","","62825.39"
"801","2023-11-29 20:01:19 -12","MARKET_ORDER","CLIENT_ORDER","GBP/USD","","769217.00","Sell","","","","","","","","","",""
"802","2023-11-29 20:01:19 -12","ORDER_FILL","MARKET_ORDER","GBP/USD","1.26967","769217.00","Sell","99.2411","","","","0.00000","0.0000","","0.00000","","62825.39"
"803","2023-11-30 02:01:16 -12","MARKET_ORDER","POSITION_CLOSEOUT","GBP/USD","","769217.00","Buy","","","","","","","","","",""
"804","2023-11-30 02:01:16 -12","ORDER_FILL","MARKET_ORDER_POSITION_CLOSEOUT","GBP/USD","1.26190","769217.00","Buy","89.0791","","","","0.00000","0.0000","1.3556","8102.15960","","70927.54"
"805","2023-11-30 04:01:17 -12","MARKET_ORDER","CLIENT_ORDER","GBP/USD","","872201.00","Sell","","","","","","","","","",""
"806","2023-11-30 04:01:17 -12","ORDER_FILL","MARKET_ORDER","GBP/USD","1.26587","872201.00","Sell","94.6345","","","","0.00000","0.0000","","0.00000","","70927.54"
"807","2023-11-30 10:00:00 -12","DAILY_FINANCING","","","","","","","","","","-35.35340","","","","","70892.19"
"","2023-11-30 10:00:00 -12","DAILY_FINANCING","Trade ID: 806","GBP/USD","","","","","","","","-35.35340","","","","",""
"808","2023-11-30 17:01:15 -12","MARKET_ORDER","POSITION_CLOSEOUT","GBP/USD","","872201.00","Buy","","","","","","","","","",""
"809","2023-11-30 17:01:15 -12","ORDER_FILL","MARKET_ORDER_POSITION_CLOSEOUT","GBP/USD","1.26415","872201.00","Buy","112.2103","","","","0.00000","0.0000","1.3475","2021.43850","","72913.63"
"810","2023-11-30 21:01:13 -12","MARKET_ORDER","CLIENT_ORDER","GBP/USD","","899275.00","Sell","","","","","","","","","",""
"811","2023-11-30 21:01:13 -12","ORDER_FILL","MARKET_ORDER","GBP/USD","1.26569","899275.00","Sell","115.5379","","","","0.00000","0.0000","","0.00000","","72913.63"
"812","2023-12-01 08:45:00 -12","MARGIN_CALL_ENTER","","","","","","","","","","","","","","",""
"813","2023-12-01 10:00:00 -12","DAILY_FINANCING","","","","","","","","","","-36.95460","","","","","72876.68"
"","2023-12-01 10:00:00 -12","DAILY_FINANCING","Trade ID: 811","GBP/USD","","","","","","","","-36.95460","","","","",""
"814","2023-12-02 10:00:00 -12","DAILY_FINANCING","","","","","","","","","","0.00000","","","","","72876.68"
"","2023-12-02 10:00:00 -12","DAILY_FINANCING","Trade ID: 811","GBP/USD","","","","","","","","0.00000","","","","",""
"815","2023-12-03 10:00:00 -12","DAILY_FINANCING","","","","","","","","","","0.00000","","","","","72876.68"
"","2023-12-03 10:00:00 -12","DAILY_FINANCING","Trade ID: 811","GBP/USD","","","","","","","","0.00000","","","","",""
"816","2023-12-03 16:01:15 -12","MARKET_ORDER","POSITION_CLOSEOUT","GBP/USD","","899275.00","Buy","","","","","","","","","",""
"817","2023-12-03 16:01:15 -12","ORDER_FILL","MARKET_ORDER_POSITION_CLOSEOUT","GBP/USD","1.26789","899275.00","Buy","91.1730","","","","0.00000","0.0000","1.3586","-2687.77990","","70188.90"
"818","2023-12-04 08:45:00 -12","MARGIN_CALL_EXIT","MARGIN_CONDITIONS_SATISFIED","","","","","","","","","","","","","",""
"819","2023-12-06 23:01:16 -12","MARKET_ORDER","CLIENT_ORDER","GBP/USD","","866160.00","Sell","","","","","","","","","",""
"820","2023-12-06 23:01:16 -12","ORDER_FILL","MARKET_ORDER","GBP/USD","1.25916","866160.00","Sell","105.9143","","","","0.00000","0.0000","","0.00000","","70188.90"
"821","2023-12-07 01:01:17 -12","MARKET_ORDER","POSITION_CLOSEOUT","GBP/USD","","866160.00","Buy","","","","","","","","","",""
"822","2023-12-07 01:01:17 -12","ORDER_FILL","MARKET_ORDER_POSITION_CLOSEOUT","GBP/USD","1.25611","866160.00","Buy","117.8575","","","","0.00000","0.0000","1.3539","3576.68120","","73765.58"
"823","2023-12-11 00:01:17 -12","MARKET_ORDER","CLIENT_ORDER","GBP/USD","","910277.00","Sell","","","","","","","","","",""
"824","2023-12-11 00:01:17 -12","ORDER_FILL","MARKET_ORDER","GBP/USD","1.25878","910277.00","Sell","105.1584","","","","0.00000","0.0000","","0.00000","","73765.58"
"825","2023-12-11 08:01:16 -12","MARKET_ORDER","POSITION_CLOSEOUT","GBP/USD","","910277.00","Buy","","","","","","","","","",""
"826","2023-12-11 08:01:16 -12","ORDER_FILL","MARKET_ORDER_POSITION_CLOSEOUT","GBP/USD","1.25559","910277.00","Buy","111.1689","","","","0.00000","0.0000","1.3502","3920.61660","","77686.19"
"827","2023-12-11 21:01:15 -12","MARKET_ORDER","CLIENT_ORDER","GBP/USD","","963693.00","Buy","","","","","","","","","",""
"828","2023-12-11 21:01:15 -12","ORDER_FILL","MARKET_ORDER","GBP/USD","1.25451","963693.00","Buy","124.2180","","","","0.00000","0.0000","","0.00000","","77686.19"
"829","2023-12-12 10:00:00 -12","DAILY_FINANCING","","","","","","","","","","-54.36610","","","","","77631.83"
"","2023-12-12 10:00:00 -12","DAILY_FINANCING","Trade ID: 828","GBP/USD","","","","","","","","-54.36610","","","","",""
"830","2023-12-12 18:01:20 -12","MARKET_ORDER","POSITION_CLOSEOUT","GBP/USD","","963693.00","Sell","","","","","","","","","",""
"831","2023-12-12 18:01:20 -12","ORDER_FILL","MARKET_ORDER_POSITION_CLOSEOUT","GBP/USD","1.25577","963693.00","Sell","98.2374","","","","0.00000","0.0000","1.3524","1642.13670","","79273.96"
"832","2023-12-12 20:01:18 -12","MARKET_ORDER","CLIENT_ORDER","GBP/USD","","982748.00","Buy","","","","","","","","","",""
"833","2023-12-12 20:01:18 -12","ORDER_FILL","MARKET_ORDER","GBP/USD","1.25214","982748.00","Buy","113.6274","","","","0.00000","0.0000","","0.00000","","79273.96"
"834","2023-12-13 10:00:00 -12","DAILY_FINANCING","","","","","","","","","","-54.92500","","","","","79219.04"
"","2023-12-13 10:00:00 -12","DAILY_FINANCING","Trade ID: 833","GBP/USD","","","","","","","","-54.92500","","","","",""
"835","2023-12-13 20:01:17 -12","MARKET_ORDER","POSITION_CLOSEOUT","GBP/USD","","982748.00","Sell","","","","","","","","","",""
"836","2023-12-13 20:01:17 -12","ORDER_FILL","MARKET_ORDER_POSITION_CLOSEOUT","GBP/USD","1.26252","982748.00","Sell","132.4361","","","","0.00000","0.0000","1.3409","13678.13320","","92897.17"
"837","2023-12-13 21:01:16 -12","MARKET_ORDER","CLIENT_ORDER","GBP/USD","","1152438.00","Buy","","","","","","","","","",""
"838","2023-12-13 21:01:16 -12","ORDER_FILL","MARKET_ORDER","GBP/USD","1.26422","1152438.00","Buy","147.3995","","","","0.00000","0.0000","","0.00000","","92897.17"
"839","2023-12-13 22:01:16 -12","MARKET_ORDER","POSITION_CLOSEOUT","GBP/USD","","1152438.00","Sell","","","","","","","","","",""
"840","2023-12-13 22:01:16 -12","ORDER_FILL","MARKET_ORDER_POSITION_CLOSEOUT","GBP/USD","1.26636","1152438.00","Sell","147.3228","","","","0.00000","0.0000","1.3389","3302.04750","","96199.22"
"841","2023-12-14 01:01:16 -12","MARKET_ORDER","CLIENT_ORDER","GBP/USD","","1189294.00","Sell","","","","","","","","","",""
"842","2023-12-14 01:01:16 -12","ORDER_FILL","MARKET_ORDER","GBP/USD","1.27092","1189294.00","Sell","151.8118","","","","0.00000","0.0000","","0.00000","","96199.22"
"843","2023-12-14 03:01:17 -12","MARKET_ORDER","POSITION_CLOSEOUT","GBP/USD","","1189294.00","Buy","","","","","","","","","",""
"844","2023-12-14 03:01:17 -12","ORDER_FILL","MARKET_ORDER_POSITION_CLOSEOUT","GBP/USD","1.27507","1189294.00","Buy","151.6649","","","","0.00000","0.0000","1.3491","-6658.48800","","89540.73"
"845","2023-12-14 13:28:46 -12","MARKET_ORDER","CLIENT_ORDER","GBP/USD","","1.00","Buy","","","","","","","","","",""
"846","2023-12-14 13:28:46 -12","ORDER_FILL","MARKET_ORDER","GBP/USD","1.27546","1.00","Buy","0.0001","","","","0.00000","0.0000","","0.00000","","89540.73"
"847","2023-12-14 13:47:37 -12","MARKET_ORDER","POSITION_CLOSEOUT","GBP/USD","","1.00","Sell","","","","","","","","","",""
"848","2023-12-14 13:47:37 -12","ORDER_FILL","MARKET_ORDER_POSITION_CLOSEOUT","GBP/USD","1.27562","1.00","Sell","0.0001","","","","0.00000","0.0000","1.3338","0.00020","","89540.73"
"849","2023-12-14 13:49:53 -12","MARKET_ORDER","CLIENT_ORDER","GBP/USD","","150.00","Buy","","","","","","","","","",""
"850","2023-12-14 13:49:53 -12","ORDER_FILL","MARKET_ORDER","GBP/USD","1.27589","150.00","Buy","0.0161","","","","0.00000","0.0000","","0.00000","","89540.73"
"851","2023-12-14 13:51:10 -12","MARKET_ORDER","POSITION_CLOSEOUT","GBP/USD","","150.00","Sell","","","","","","","","","",""
"852","2023-12-14 13:51:10 -12","ORDER_FILL","MARKET_ORDER_POSITION_CLOSEOUT","GBP/USD","1.27552","150.00","Sell","0.0171","","","","0.00000","0.0000","1.3472","-0.07480","","89540.66"
"853","2023-12-14 13:54:12 -12","MARKET_ORDER","CLIENT_ORDER","GBP/USD","","150.00","Buy","","","","","","","","","",""
"854","2023-12-14 13:54:12 -12","ORDER_FILL","MARKET_ORDER","GBP/USD","1.27579","150.00","Buy","0.0181","","","","0.00000","0.0000","","0.00000","","89540.66"
"855","2023-12-14 13:55:08 -12","MARKET_ORDER","POSITION_CLOSEOUT","GBP/USD","","150.00","Sell","","","","","","","","","",""
"856","2023-12-14 13:55:08 -12","ORDER_FILL","MARKET_ORDER_POSITION_CLOSEOUT","GBP/USD","1.27544","150.00","Sell","0.0181","","","","0.00000","0.0000","1.3473","-0.07070","","89540.59"
"857","2023-12-14 13:55:08 -12","MARKET_ORDER","CLIENT_ORDER","GBP/USD","","150.00","Buy","","","","","","","","","",""
"858","2023-12-14 13:55:08 -12","ORDER_FILL","MARKET_ORDER","GBP/USD","1.27564","150.00","Buy","0.0191","","","","0.00000","0.0000","","0.00000","","89540.59"
"859","2023-12-14 13:56:09 -12","MARKET_ORDER","POSITION_CLOSEOUT","GBP/USD","","150.00","Sell","","","","","","","","","",""
"860","2023-12-14 13:56:09 -12","ORDER_FILL","MARKET_ORDER_POSITION_CLOSEOUT","GBP/USD","1.27531","150.00","Sell","0.0201","","","","0.00000","0.0000","1.3473","-0.06670","","89540.52"
"861","2023-12-14 13:56:09 -12","MARKET_ORDER","CLIENT_ORDER","GBP/USD","","200.00","Buy","","","","","","","","","",""
"862","2023-12-14 13:56:09 -12","ORDER_FILL","MARKET_ORDER","GBP/USD","1.27550","200.00","Buy","0.0282","","","","0.00000","0.0000","","0.00000","","89540.52"
"863","2023-12-14 13:56:26 -12","MARKET_ORDER","POSITION_CLOSEOUT","GBP/USD","","200.00","Sell","","","","","","","","","",""
"864","2023-12-14 13:56:26 -12","ORDER_FILL","MARKET_ORDER_POSITION_CLOSEOUT","GBP/USD","1.27530","200.00","Sell","0.0228","","","","0.00000","0.0000","1.3473","-0.05390","","89540.47"
"865","2023-12-14 13:57:05 -12","MARKET_ORDER","CLIENT_ORDER","GBP/USD","","200.00","Buy","","","","","","","","","",""
"866","2023-12-14 13:57:05 -12","ORDER_FILL","MARKET_ORDER","GBP/USD","1.27559","200.00","Buy","0.0241","","","","0.00000","0.0000","","0.00000","","89540.47"
"867","2023-12-14 13:57:32 -12","MARKET_ORDER","POSITION_CLOSEOUT","GBP/USD","","200.00","Sell","","","","","","","","","",""
"868","2023-12-14 13:57:32 -12","ORDER_FILL","MARKET_ORDER_POSITION_CLOSEOUT","GBP/USD","1.27541","200.00","Sell","0.0255","","","","0.00000","0.0000","1.3472","-0.04850","","89540.42"
"869","2023-12-14 21:01:15 -12","MARKET_ORDER","CLIENT_ORDER","GBP/USD","","1108829.00","Sell","","","","","","","","","",""
"870","2023-12-14 21:01:15 -12","ORDER_FILL","MARKET_ORDER","GBP/USD","1.27446","1108829.00","Sell","140.9074","","","","0.00000","0.0000","","0.00000","","89540.42"
"871","2023-12-14 22:01:15 -12","MARKET_ORDER","CLIENT_ORDER","GBP/USD","","1106026.00","Sell","","","","","","","","","",""
"872","2023-12-14 22:01:15 -12","ORDER_CANCEL","INSUFFICIENT_MARGIN","","","","","","","","","","","","","",""
"873","2023-12-14 23:01:19 -12","MARKET_ORDER","CLIENT_ORDER","GBP/USD","","1105444.00","Sell","","","","","","","","","",""
"874","2023-12-14 23:01:19 -12","ORDER_CANCEL","INSUFFICIENT_MARGIN","","","","","","","","","","","","","",""
"875","2023-12-15 00:01:15 -12","MARKET_ORDER","CLIENT_ORDER","GBP/USD","","1106467.00","Sell","","","","","","","","","",""
"876","2023-12-15 00:01:15 -12","ORDER_CANCEL","INSUFFICIENT_MARGIN","","","","","","","","","","","","","",""
"877","2023-12-15 01:01:16 -12","MARKET_ORDER","CLIENT_ORDER","GBP/USD","","1107945.00","Sell","","","","","","","","","",""
"878","2023-12-15 01:01:16 -12","ORDER_CANCEL","INSUFFICIENT_MARGIN","","","","","","","","","","","","","",""
"879","2023-12-15 09:32:12 -12","MARKET_ORDER","TRADE_CLOSE","GBP/USD","","1108829.00","Buy","","","","","","","","","",""
"880","2023-12-15 09:32:12 -12","ORDER_FILL","MARKET_ORDER_TRADE_CLOSE","GBP/USD","1.26783","1108829.00","Buy","185.3907","","","","0.00000","0.0000","1.3309","9783.95520","","99324.37"
"881","2023-12-15 10:01:16 -12","MARKET_ORDER","CLIENT_ORDER","GBP/USD","","1237028.00","Sell","","","","","","","","","",""
"882","2023-12-15 10:01:16 -12","ORDER_CANCEL","MARKET_HALTED","","","","","","","","","","","","","",""
"883","2023-12-15 11:01:16 -12","MARKET_ORDER","CLIENT_ORDER","GBP/USD","","1237028.00","Sell","","","","","","","","","",""
"884","2023-12-15 11:01:16 -12","ORDER_CANCEL","MARKET_HALTED","","","","","","","","","","","","","",""
"885","2023-12-15 12:01:30 -12","MARKET_ORDER","CLIENT_ORDER","GBP/USD","","1237028.00","Sell","","","","","","","","","",""
"886","2023-12-15 12:01:30 -12","ORDER_CANCEL","MARKET_HALTED","","","","","","","","","","","","","",""
"887","2023-12-17 10:01:17 -12","MARKET_ORDER","CLIENT_ORDER","GBP/USD","","1237028.00","Sell","","","","","","","","","",""
"888","2023-12-17 10:01:17 -12","ORDER_CANCEL","MARKET_HALTED","","","","","","","","","","","","","",""
"889","2023-12-17 22:01:18 -12","MARKET_ORDER","CLIENT_ORDER","GBP/USD","","1237092.00","Buy","","","","","","","","","",""
"890","2023-12-17 22:01:18 -12","ORDER_FILL","MARKET_ORDER","GBP/USD","1.26724","1237092.00","Buy","148.9439","","","","0.00000","0.0000","","0.00000","","99324.37"
"891","2023-12-18 10:00:00 -12","DAILY_FINANCING","","","","","","","","","","-67.53890","","","","","99256.83"
"","2023-12-18 10:00:00 -12","DAILY_FINANCING","Trade ID: 890","GBP/USD","","","","","","","","-67.53890","","","","",""
"892","2023-12-18 13:01:20 -12","MARKET_ORDER","POSITION_CLOSEOUT","GBP/USD","","1237092.00","Sell","","","","","","","","","",""
"893","2023-12-18 13:01:20 -12","ORDER_FILL","MARKET_ORDER_POSITION_CLOSEOUT","GBP/USD","1.26556","1237092.00","Sell","157.3901","","","","0.00000","0.0000","1.3459","-2797.23700","","96459.60"
"894","2023-12-18 23:01:17 -12","MARKET_ORDER","CLIENT_ORDER","GBP/USD","","1197675.00","Sell","","","","","","","","","",""
"895","2023-12-18 23:01:17 -12","ORDER_FILL","MARKET_ORDER","GBP/USD","1.27012","1197675.00","Sell","152.3161","","","","0.00000","0.0000","","0.00000","","96459.60"
"896","2023-12-19 04:01:18 -12","MARKET_ORDER","POSITION_CLOSEOUT","GBP/USD","","1197675.00","Buy","","","","","","","","","",""
"897","2023-12-19 04:01:18 -12","ORDER_FILL","MARKET_ORDER_POSITION_CLOSEOUT","GBP/USD","1.27375","1197675.00","Buy","135.7983","","","","0.00000","0.0000","1.3406","-5828.38140","","90631.21"
"898","2023-12-19 19:01:23 -12","MARKET_ORDER","CLIENT_ORDER","GBP/USD","","1131382.00","Buy","","","","","","","","","",""
"899","2023-12-19 19:01:23 -12","ORDER_FILL","MARKET_ORDER","GBP/USD","1.26710","1131382.00","Buy","158.5867","","","","0.00000","0.0000","","0.00000","","90631.21"
"900","2023-12-20 10:00:00 -12","DAILY_FINANCING","","","","","","","","","","-61.05830","","","","","90570.16"
"","2023-12-20 10:00:00 -12","DAILY_FINANCING","Trade ID: 899","GBP/USD","","","","","","","","-61.05830","","","","",""
"901","2023-12-21 10:00:00 -12","DAILY_FINANCING","","","","","","","","","","-60.90800","","","","","90509.25"
"","2023-12-21 10:00:00 -12","DAILY_FINANCING","Trade ID: 899","GBP/USD","","","","","","","","-60.90800","","","","",""
"902","2023-12-21 15:01:18 -12","MARKET_ORDER","POSITION_CLOSEOUT","GBP/USD","","1131382.00","Sell","","","","","","","","","",""
"903","2023-12-21 15:01:18 -12","ORDER_FILL","MARKET_ORDER_POSITION_CLOSEOUT","GBP/USD","1.26854","1131382.00","Sell","135.2543","","","","0.00000","0.0000","1.3217","2153.24910","","92662.50"
"904","2023-12-26 21:01:16 -12","MARKET_ORDER","CLIENT_ORDER","GBP/USD","","1165978.00","Buy","","","","","","","","","",""
"905","2023-12-26 21:01:16 -12","ORDER_FILL","MARKET_ORDER","GBP/USD","1.27064","1165978.00","Buy","138.5791","","","","0.00000","0.0000","","0.00000","","92662.50"
"906","2023-12-27 10:00:00 -12","DAILY_FINANCING","","","","","","","","","","-62.96040","","","","","92599.54"
"","2023-12-27 10:00:00 -12","DAILY_FINANCING","Trade ID: 905","GBP/USD","","","","","","","","-62.96040","","","","",""
"907","2023-12-27 11:01:15 -12","MARKET_ORDER","POSITION_CLOSEOUT","GBP/USD","","1165978.00","Sell","","","","","","","","","",""
"908","2023-12-27 11:01:15 -12","ORDER_FILL","MARKET_ORDER_POSITION_CLOSEOUT","GBP/USD","1.27994","1165978.00","Sell","223.2747","","","","0.00000","0.0000","1.3140","14248.77550","","106848.31"
"909","2023-12-27 22:01:18 -12","MARKET_ORDER","CLIENT_ORDER","GBP/USD","","1334583.00","Buy","","","","","","","","","",""
"910","2023-12-27 22:01:18 -12","ORDER_FILL","MARKET_ORDER","GBP/USD","1.27975","1334583.00","Buy","167.4936","","","","0.00000","0.0000","","0.00000","","106848.31"
"911","2023-12-28 05:01:16 -12","MARKET_ORDER","POSITION_CLOSEOUT","GBP/USD","","1334583.00","Sell","","","","","","","","","",""
"912","2023-12-28 05:01:16 -12","ORDER_FILL","MARKET_ORDER_POSITION_CLOSEOUT","GBP/USD","1.27387","1334583.00","Sell","167.4125","","","","0.00000","0.0000","1.3270","-10413.76200","","96434.55"
"913","2023-12-28 18:01:20 -12","MARKET_ORDER","CLIENT_ORDER","GBP/USD","","1206360.00","Sell","","","","","","","","","",""
"914","2023-12-28 18:01:20 -12","ORDER_FILL","MARKET_ORDER","GBP/USD","1.27599","1206360.00","Sell","175.5058","","","","0.00000","0.0000","","0.00000","","96434.55"
"915","2023-12-28 22:01:18 -12","MARKET_ORDER","POSITION_CLOSEOUT","GBP/USD","","1206360.00","Buy","","","","","","","","","",""
"916","2023-12-28 22:01:18 -12","ORDER_FILL","MARKET_ORDER_POSITION_CLOSEOUT","GBP/USD","1.27059","1206360.00","Buy","167.8690","","","","0.00000","0.0000","1.3186","8590.09830","","105024.65"
"917","2023-12-29 04:01:27 -12","MARKET_ORDER","CLIENT_ORDER","GBP/USD","","1318977.00","Sell","","","","","","","","","",""
"918","2023-12-29 04:01:27 -12","ORDER_FILL","MARKET_ORDER","GBP/USD","1.27501","1318977.00","Sell","139.1257","","","","0.00000","0.0000","","0.00000","","105024.65"
"919","2023-12-29 10:00:00 -12","DAILY_FINANCING","","","","","","","","","","-52.07680","","","","","104972.57"
"","2023-12-29 10:00:00 -12","DAILY_FINANCING","Trade ID: 918","GBP/USD","","","","","","","","-52.07680","","","","",""
"920","2023-12-30 10:00:00 -12","DAILY_FINANCING","","","","","","","","","","0.00000","","","","","104972.57"
"","2023-12-30 10:00:00 -12","DAILY_FINANCING","Trade ID: 918","GBP/USD","","","","","","","","0.00000","","","","",""
"921","2023-12-31 10:00:00 -12","DAILY_FINANCING","","","","","","","","","","0.00000","","","","","104972.57"
"","2023-12-31 10:00:00 -12","DAILY_FINANCING","Trade ID: 918","GBP/USD","","","","","","","","0.00000","","","","",""
"922","2024-01-01 10:00:00 -12","DAILY_FINANCING","","","","","","","","","","-52.07680","","","","","104920.50"
"","2024-01-01 10:00:00 -12","DAILY_FINANCING","Trade ID: 918","GBP/USD","","","","","","","","-52.07680","","","","",""
"923","2024-01-01 23:01:18 -12","MARKET_ORDER","POSITION_CLOSEOUT","GBP/USD","","1318977.00","Buy","","","","","","","","","",""
"924","2024-01-01 23:01:18 -12","ORDER_FILL","MARKET_ORDER_POSITION_CLOSEOUT","GBP/USD","1.26888","1318977.00","Buy","174.7671","","","","0.00000","0.0000","1.3184","10659.65650","","115580.15"
"925","2024-01-02 23:01:20 -12","MARKET_ORDER","CLIENT_ORDER","GBP/USD","","1449291.00","Sell","","","","","","","","","",""
"926","2024-01-02 23:01:20 -12","ORDER_FILL","MARKET_ORDER","GBP/USD","1.26256","1449291.00","Sell","173.9393","","","","0.00000","0.0000","","0.00000","","115580.15"
"927","2024-01-03 08:45:00 -12","MARGIN_CALL_ENTER","","","","","","","","","","","","","","",""
"928","2024-01-03 10:00:00 -12","DAILY_FINANCING","","","","","","","","","","-52.63530","","","","","115527.52"
"","2024-01-03 10:00:00 -12","DAILY_FINANCING","Trade ID: 926","GBP/USD","","","","","","","","-52.63530","","","","",""
"929","2024-01-03 18:01:22 -12","MARKET_ORDER","POSITION_CLOSEOUT","GBP/USD","","1449291.00","Buy","","","","","","","","","",""
"930","2024-01-03 18:01:22 -12","ORDER_FILL","MARKET_ORDER_POSITION_CLOSEOUT","GBP/USD","1.26674","1449291.00","Buy","144.9907","","","","0.00000","0.0000","1.3406","-8121.21880","","107406.30"
"931","2024-01-04 02:01:15 -12","MARKET_ORDER","CLIENT_ORDER","GBP/USD","","1339547.00","Buy","","","","","","","","","",""
"932","2024-01-04 02:01:15 -12","ORDER_FILL","MARKET_ORDER","GBP/USD","1.26743","1339547.00","Buy","152.0985","","","","0.00000","0.0000","","0.00000","","107406.30"
"933","2024-01-04 08:45:00 -12","MARGIN_CALL_EXIT","MARGIN_CONDITIONS_SATISFIED","","","","","","","","","","","","","",""
"934","2024-01-04 10:00:00 -12","DAILY_FINANCING","","","","","","","","","","-76.18350","","","","","107330.11"
"","2024-01-04 10:00:00 -12","DAILY_FINANCING","Trade ID: 932","GBP/USD","","","","","","","","-76.18350","","","","",""
"935","2024-01-04 13:01:20 -12","MARKET_ORDER","POSITION_CLOSEOUT","GBP/USD","","1339547.00","Sell","","","","","","","","","",""
"936","2024-01-04 13:01:20 -12","ORDER_FILL","MARKET_ORDER_POSITION_CLOSEOUT","GBP/USD","1.26913","1339547.00","Sell","178.8443","","","","0.00000","0.0000","1.3284","3025.15060","","110355.27"
"937","2024-01-04 20:01:25 -12","MARKET_ORDER","CLIENT_ORDER","GBP/USD","","1375710.00","Sell","","","","","","","","","",""
"938","2024-01-04 20:01:25 -12","ORDER_FILL","MARKET_ORDER","GBP/USD","1.26754","1375710.00","Sell","183.7976","","","","0.00000","0.0000","","0.00000","","110355.27"
"939","2024-01-05 02:01:21 -12","MARKET_ORDER","POSITION_CLOSEOUT","GBP/USD","","1375710.00","Buy","","","","","","","","","",""
"940","2024-01-05 02:01:21 -12","ORDER_FILL","MARKET_ORDER_POSITION_CLOSEOUT","GBP/USD","1.26599","1375710.00","Buy","202.1244","","","","0.00000","0.0000","1.3290","2833.87600","","113189.14"
"941","2024-01-05 05:01:17 -12","MARKET_ORDER","CLIENT_ORDER","GBP/USD","","1407223.00","Sell","","","","","","","","","",""
"942","2024-01-05 05:01:17 -12","ORDER_FILL","MARKET_ORDER","GBP/USD","1.27354","1407223.00","Sell","178.2518","","","","0.00000","0.0000","","0.00000","","113189.14"
"943","2024-01-05 10:00:00 -12","DAILY_FINANCING","","","","","","","","","","-51.35830","","","","","113137.78"
"","2024-01-05 10:00:00 -12","DAILY_FINANCING","Trade ID: 942","GBP/USD","","","","","","","","-51.35830","","","","",""
"944","2024-01-06 10:00:00 -12","DAILY_FINANCING","","","","","","","","","","0.00000","","","","","113137.78"
"","2024-01-06 10:00:00 -12","DAILY_FINANCING","Trade ID: 942","GBP/USD","","","","","","","","0.00000","","","","",""
"945","2024-01-07 10:00:00 -12","DAILY_FINANCING","","","","","","","","","","0.00000","","","","","113137.78"
"","2024-01-07 10:00:00 -12","DAILY_FINANCING","Trade ID: 942","GBP/USD","","","","","","","","0.00000","","","","",""
"946","2024-01-07 18:01:22 -12","MARKET_ORDER","POSITION_CLOSEOUT","GBP/USD","","1407223.00","Buy","","","","","","","","","",""
"947","2024-01-07 18:01:22 -12","ORDER_FILL","MARKET_ORDER_POSITION_CLOSEOUT","GBP/USD","1.27050","1407223.00","Buy","188.1907","","","","0.00000","0.0000","1.3306","5692.39370","","118830.18"
"948","2024-01-08 08:01:19 -12","MARKET_ORDER","CLIENT_ORDER","GBP/USD","","1472940.00","Sell","","","","","","","","","",""
"949","2024-01-08 08:01:19 -12","ORDER_FILL","MARKET_ORDER","GBP/USD","1.27565","1472940.00","Sell","157.3288","","","","0.00000","0.0000","","0.00000","","118830.18"
"950","2024-01-08 10:00:00 -12","DAILY_FINANCING","","","","","","","","","","-53.14250","","","","","118777.03"
"","2024-01-08 10:00:00 -12","DAILY_FINANCING","Trade ID: 949","GBP/USD","","","","","","","","-53.14250","","","","",""
"951","2024-01-08 19:01:21 -12","MARKET_ORDER","POSITION_CLOSEOUT","GBP/USD","","1472940.00","Buy","","","","","","","","","",""
"952","2024-01-08 19:01:21 -12","ORDER_FILL","MARKET_ORDER_POSITION_CLOSEOUT","GBP/USD","1.27372","1472940.00","Buy","196.8496","","","","0.00000","0.0000","1.3298","3780.20120","","122557.24"
"953","2024-01-16 03:01:25 -12","MARKET_ORDER","CLIENT_ORDER","GBP/USD","","1516663.00","Sell","","","","","","","","","",""
"954","2024-01-16 03:01:25 -12","ORDER_FILL","MARKET_ORDER","GBP/USD","1.26512","1516663.00","Sell","163.6128","","","","0.00000","0.0000","","0.00000","","122557.24"
"955","2024-01-16 10:00:00 -12","DAILY_FINANCING","","","","","","","","","","-55.53650","","","","","122501.70"
"","2024-01-16 10:00:00 -12","DAILY_FINANCING","Trade ID: 954","GBP/USD","","","","","","","","-55.53650","","","","",""
"956","2024-01-16 11:01:18 -12","MARKET_ORDER","POSITION_CLOSEOUT","GBP/USD","","1516663.00","Buy","","","","","","","","","",""
"957","2024-01-16 11:01:18 -12","ORDER_FILL","MARKET_ORDER_POSITION_CLOSEOUT","GBP/USD","1.26366","1516663.00","Buy","214.8819","","","","0.00000","0.0000","1.3426","2972.94190","","125474.64"
"958","2024-01-16 20:01:23 -12","MARKET_ORDER","CLIENT_ORDER","GBP/USD","","1548572.00","Sell","","","","","","","","","",""
"959","2024-01-16 20:01:23 -12","ORDER_FILL","MARKET_ORDER","GBP/USD","1.26544","1548572.00","Sell","177.9303","","","","0.00000","0.0000","","0.00000","","125474.64"
"960","2024-01-17 08:45:00 -12","MARGIN_CALL_ENTER","","","","","","","","","","","","","","",""
"961","2024-01-17 10:00:00 -12","DAILY_FINANCING","","","","","","","","","","-56.22130","","","","","125418.42"
"","2024-01-17 10:00:00 -12","DAILY_FINANCING","Trade ID: 959","GBP/USD","","","","","","","","-56.22130","","","","",""
"962","2024-01-17 11:01:21 -12","MARKET_ORDER","POSITION_CLOSEOUT","GBP/USD","","1548572.00","Buy","","","","","","","","","",""
"963","2024-01-17 11:01:21 -12","ORDER_FILL","MARKET_ORDER_POSITION_CLOSEOUT","GBP/USD","1.26775","1548572.00","Buy","230.0958","","","","0.00000","0.0000","1.3575","-4856.17210","","120562.25"
"964","2024-01-18 03:01:25 -12","MARKET_ORDER","CLIENT_ORDER","GBP/USD","","1488293.00","Sell","","","","","","","","","",""
"965","2024-01-18 03:01:25 -12","ORDER_FILL","MARKET_ORDER","GBP/USD","1.26720","1488293.00","Sell","180.7713","","","","0.00000","0.0000","","0.00000","","120562.25"
"966","2024-01-18 08:45:00 -12","MARGIN_CALL_EXIT","MARGIN_CONDITIONS_SATISFIED","","","","","","","","","","","","","",""
"967","2024-01-18 10:00:00 -12","DAILY_FINANCING","","","","","","","","","","-54.77640","","","","","120507.47"
"","2024-01-18 10:00:00 -12","DAILY_FINANCING","Trade ID: 965","GBP/USD","","","","","","","","-54.77640","","","","",""
"968","2024-01-18 14:01:21 -12","MARKET_ORDER","POSITION_CLOSEOUT","GBP/USD","","1488293.00","Buy","","","","","","","","","",""
"969","2024-01-18 14:01:21 -12","ORDER_FILL","MARKET_ORDER_POSITION_CLOSEOUT","GBP/USD","1.27079","1488293.00","Buy","190.6785","","","","0.00000","0.0000","1.3554","-7241.66690","","113265.80"
"970","2024-01-18 19:01:18 -12","MARKET_ORDER","CLIENT_ORDER","GBP/USD","","1397403.00","Buy","","","","","","","","","",""
"971","2024-01-18 19:01:18 -12","ORDER_FILL","MARKET_ORDER","GBP/USD","1.26819","1397403.00","Buy","179.1492","","","","0.00000","0.0000","","0.00000","","113265.80"
"972","2024-01-18 21:01:19 -12","MARKET_ORDER","POSITION_CLOSEOUT","GBP/USD","","1397403.00","Sell","","","","","","","","","",""
"973","2024-01-18 21:01:19 -12","ORDER_FILL","MARKET_ORDER_POSITION_CLOSEOUT","GBP/USD","1.26776","1397403.00","Sell","169.5128","","","","0.00000","0.0000","1.3546","-813.94400","","112451.86"
"974","2024-01-18 22:01:26 -12","MARKET_ORDER","CLIENT_ORDER","GBP/USD","","1389960.00","Buy","","","","","","","","","",""
"975","2024-01-18 22:01:26 -12","ORDER_FILL","MARKET_ORDER","GBP/USD","1.26854","1389960.00","Buy","159.0962","","","","0.00000","0.0000","","0.00000","","112451.86"
"976","2024-01-19 09:01:18 -12","MARKET_ORDER","POSITION_CLOSEOUT","GBP/USD","","1389960.00","Sell","","","","","","","","","",""
"977","2024-01-19 09:01:18 -12","ORDER_FILL","MARKET_ORDER_POSITION_CLOSEOUT","GBP/USD","1.27008","1389960.00","Sell","186.7105","","","","0.00000","0.0000","1.3366","2860.96570","","115312.83"